{"loss": [0.7315714359283447], "accuracy": [0.5], "val_loss": [0.686100423336029], "val_accuracy": [0.5]}