{"loss": [0.8042287826538086], "accuracy": [0.5], "val_loss": [0.5957576036453247], "val_accuracy": [0.5]}