{"loss": [0.6438432931900024], "accuracy": [0.625], "val_loss": [0.5644311904907227], "val_accuracy": [1.0]}