{"loss": [0.7785792350769043], "accuracy": [0.5], "val_loss": [0.574829638004303], "val_accuracy": [0.5]}