{"loss": [3.425788164138794, 3.2846438884735107, 3.262434244155884, 3.2477293014526367, 3.2328310012817383], "accuracy": [0.12627550959587097, 0.14700254797935486, 0.1540178507566452, 0.15625, 0.16326530277729034], "val_loss": [3.2982795238494873, 3.268204927444458, 3.2562243938446045, 3.2427632808685303, 3.232679605484009], "val_accuracy": [0.1354166716337204, 0.15234375, 0.1549479216337204, 0.1666666716337204, 0.1731770783662796]}