{"loss": [1.448144793510437], "accuracy": [0.5], "val_loss": [0.7052338719367981], "val_accuracy": [0.5]}