{"loss": [0.7232398986816406], "accuracy": [0.5], "val_loss": [0.5893298983573914], "val_accuracy": [1.0]}