{"loss": [0.9388527870178223], "accuracy": [0.375], "val_loss": [0.4954928755760193], "val_accuracy": [1.0]}