{"loss": [1.2500028610229492], "accuracy": [0.625], "val_loss": [0.7184717655181885], "val_accuracy": [0.5]}