{"loss": [0.7742961049079895], "accuracy": [0.5], "val_loss": [0.709736704826355], "val_accuracy": [0.5]}