{"loss": [0.7248178720474243], "accuracy": [0.5], "val_loss": [0.6773693561553955], "val_accuracy": [0.5]}