{"loss": [0.8165398240089417], "accuracy": [0.5], "val_loss": [0.5762941837310791], "val_accuracy": [1.0]}