{"loss": [0.7562337517738342], "accuracy": [0.5], "val_loss": [0.4929734170436859], "val_accuracy": [1.0]}