{"loss": [0.696239709854126], "accuracy": [0.5], "val_loss": [0.6931475400924683], "val_accuracy": [0.5]}