{"loss": [1.3426930904388428], "accuracy": [0.5], "val_loss": [0.9180896282196045], "val_accuracy": [0.5]}