{"loss": [1.0204756259918213], "accuracy": [0.5], "val_loss": [0.6771325469017029], "val_accuracy": [0.5]}