{"loss": [3.4409029483795166], "accuracy": [0.125], "val_loss": [3.3104360103607178], "val_accuracy": [0.1432291716337204]}