{"loss": [0.840171754360199], "accuracy": [0.25], "val_loss": [0.6931484937667847], "val_accuracy": [0.5]}